{"_step":99,"epoch":100,"train_rmse":75.94113841592217,"_runtime":5,"_wandb":{"runtime":5},"val_rmse":78.50329349679382,"val_mae":60.83326721191406,"_timestamp":1.7842622814380245e+09}